feat1,feat2,label
9.202524891431969,-4.205063233584824,0
8.938699229114336,6.758940063677016,3
4.594564516611323,5.678587387118106,2
9.17467482027864,7.0316524110496195,3
4.619079191178773,7.762226011592613,2
-1.7998138892079258,-6.305495262540854,1
4.306226720120984,4.1990408038526725,2
5.511696800652943,5.854710848648399,2
7.5988070735666025,4.963960269490202,3
8.70747203570381,5.570759817062368,3
9.01295377884562,6.537053975743865,3
6.329324031553534,5.253088057963996,2
-0.9664017353647145,-6.100678025735148,1
5.605781790360167,4.543952267735882,2
6.476907481126566,5.823757641247285,3
8.408040666427377,6.79043805409403,3
-0.8122774021689182,-7.55490576994571,1
10.057315042511377,-5.368155145527098,0
8.576269142214473,-4.929262019666116,0
-0.3736125044271902,-5.055386986735785,1
-0.42469036427067386,-8.859664219625364,1
9.252514070189473,-5.555893683633686,0
4.992096935072332,5.86170792563189,2
9.746777869695654,-6.0593207202927,0
-1.4220746899926087,-3.4603849771812696,1
-0.4819738100463354,-6.876162172959135,1
5.192067327652643,5.514584631381521,2
7.43572313865944,6.649733552101108,3
9.001752507966991,6.614797287921937,3
5.996866980585587,6.3937299135737975,3
-1.1763386139545675,-4.195163122749866,1
-0.07748149879013622,-6.742534018014427,1
9.719727907961065,5.624050230344606,3
4.881966284404575,4.354108557207074,2
8.762596756127502,-4.666826475242005,0
8.290829624329332,-3.3154956333997694,0
7.954353357057741,6.608985484356954,3
8.267544204137137,-3.491213261142283,0
1.0249579223430925,-7.2381020136173575,1
5.559436723257138,4.6038934436064,2
-0.05227135646019909,-7.4289891259855505,1
-0.5257947335876327,-5.924688853747275,1
2.93331300451746,7.438416078222309,2
2.7790810259076926,4.80273906757106,2
-1.5856060258674805,-5.161883406717883,1
-0.5826298245968741,-6.9738717680642575,1
6.634260069907704,7.16225605570406,3
7.830225872722532,-4.598275530789655,0
4.55905220069838,5.807397538881913,2
5.623119554072168,4.657142012230356,2
8.524470881306113,-5.438759547016155,0
7.561236649934829,6.724350057658066,3
1.6930672786640444,-4.3546962716943804,1
10.291907514568612,-6.277251856111568,0
-1.5473235735345092,-6.2416957931508765,1
10.371199813182029,5.470345924257456,3
6.86207157667869,4.659634789170634,3
9.95814354826913,-4.798138112782611,0
9.22242013919331,-5.373614560172506,0
-0.2793414877814532,-6.594392301951478,1
5.5217933788100835,5.346146875035401,2
8.175284982257791,5.458862590630924,3
-2.7350003742658338,-6.148429030399559,1
7.268595424189204,-4.475362619978298,0
-2.093204120278946,-5.730671867378806,1
3.4732306338739964,4.461646158963259,2
-1.457554013222889,-6.248970486794252,1
-0.21556069445166537,-6.27049771579237,1
4.234757964573134,5.7702705937873455,2
9.36542697434572,-4.541194742709797,0
8.726239163320072,-6.034017004879821,0
8.6326841877569,6.5005311064158615,3
-0.5736903356696553,-5.872012857227915,1
8.988590357230315,-5.035034015158218,0
9.339884237086675,6.3160447721446396,3
7.798337174208388,-4.681878610346754,0
7.104019774280556,4.486419911439602,2
10.141224778320595,6.699503390708541,3
4.6935170832102875,5.483431613399361,2
4.088543822873522,4.856126022765048,2
7.201319485042546,7.361979257432619,3
6.765345800039927,5.5649074487534556,3
6.228360586594367,6.11635949696025,2
5.844260151816822,5.790007554351101,2
9.169075666719868,-5.879233367697069,0
3.6130517467849934,7.089966832342676,2
4.171663358274548,5.859897976933003,2
8.108222109627208,8.12924313700984,3
-0.6265063120289387,-6.260106103427626,1
7.777344189087971,7.7673826541120645,3
6.400122568932275,6.946670447320247,2
-1.381649010233694,-6.0892244157477045,1
9.398921961191773,-6.766769405433292,0
4.953969557155976,6.889933985903223,2
8.118671131095585,-5.2740757099333,0
-1.9687378554889527,-6.570810990880621,1
5.157149871607611,4.41648582077798,2
9.625900468611604,-6.770178801562512,0
8.458510195737967,5.7233950361419925,3
-0.215325083733095,-7.5575905258437635,1
9.116670491007419,5.493359136220638,3
-1.3885460007209325,-7.737456886933573,1
7.569274182260194,6.83290099489392,3
5.84860134484307,5.665194383296312,2
7.194811914596643,-5.277304550366802,0
8.547202778194775,-4.457719993870864,0
9.503027169069675,7.772967538170394,3
8.113419677759211,6.7364314470060735,3
4.46395658208448,6.698610771338405,2
8.597835463949096,-4.6513877489157185,0
7.519704714713077,8.009289019877233,3
2.994694642139182,6.44181138406399,2
9.191031271366922,-4.857645863872925,0
-0.7045429525341732,-7.7762428796565635,1
8.69354021063434,8.01195955605497,3
7.90128510357051,-5.379056229487482,0
8.678635855279582,-4.58344007088865,0
7.844739246037047,5.969359791586113,3
8.504297835909226,7.75804041210647,3
7.647861493942418,-4.690086287110581,0
9.573999042599983,-5.7866313584780125,0
7.391751501770221,-5.180539584114685,0
6.266505783526571,6.606650272085666,3
-1.4058254565873756,-7.528719571076113,1
6.39863004193073,4.62259537753469,2
-0.17488300536338186,-6.079379644310386,1
7.612495527002335,7.465671579043155,3
8.50421106510087,7.161696478125766,3
6.172782432302737,3.7471179515350723,2
-1.9754163319066913,-6.508212084936156,1
-0.4063172278673831,-4.824181457413987,1
5.573891807177905,5.779095844983193,2
4.73681488316432,5.740045571158043,2
9.311366631620759,-6.595383659100353,0
7.0970804140016375,-3.023992085449058,0
10.054011855340036,-6.641061020282101,0
-1.4831789614093656,-7.438941767317082,1
8.023552995556264,8.127997383014172,3
10.112262781252507,-4.9355508652516935,0
-0.8809633297517739,-6.754226717755641,1
4.055925801644343,5.975194049646988,2
2.807345433130239,6.1564847790406665,2
8.420778646830932,5.758306729596607,3
0.037778297071321076,-6.890566838950927,1
6.02274340887029,5.0365857886119905,2
8.138814019529235,6.540118719551207,3
10.037668696087698,-5.152908240767602,0
8.044195710879235,-4.7175800796142076,0
-0.9370302242398689,-6.698576549578505,1
7.553875454875577,6.238070653496774,3
8.918245810938057,7.947365133641362,3
6.6449478026110675,7.790487167931566,2
-0.18523119512741848,-4.4870374385861655,1
9.253205156319133,-5.206601694202313,0
-0.6779965774071517,-5.858084427029844,1
8.48369980589211,-5.752874401639314,0
9.367443417537295,5.643429971054221,3
-2.619295671758608,-5.691234095795362,1
-1.823339460920593,-6.6550010801917665,1
-0.8488511715898798,-4.325785234291695,1
3.8764402683673334,6.144937088897291,2
9.476266145276025,-5.2081696215071815,0
0.6046129950921479,-6.9704948153581405,1
2.097150141632896,3.722866754002557,2
6.583977820082408,6.917050294138404,2
0.9106789378637068,-7.453013966760526,1
4.2583805444677445,3.666954117359945,2
6.531921558604385,-4.420621235752347,0
10.6081575950727,-4.56157507350823,0
8.286199957275834,-3.9096488232129585,0
8.969624694867786,7.91010647485914,3
-1.09245737717501,-6.069363688467905,1
4.596893736672555,6.081190818738428,2
-0.5072302206682735,-7.315609998348028,1
5.61616794786173,5.928101744802082,2
6.650842285384838,-4.868174242887485,0
10.199159635773867,-3.931272129574093,0
6.369413948642797,5.297047371705021,2
9.57353426052628,7.779239620338486,3
3.9337804851081692,6.2233878991642655,2
-0.04125394488994327,-6.991313357046737,1
7.803054361662973,-5.460968766875517,0
7.264462502578069,-5.154298666739964,0
0.2716482767868167,-7.573194708619228,1
-1.5416450898576106,-6.800128180589148,1
6.119312003990025,5.90741749666019,2
-0.7821100977580584,-5.825591973692215,1
-0.4824961002931987,-5.707837102253204,1
7.565235125329719,-5.563243162409093,0
6.112062635726157,7.413903486940939,2
-0.705844903805626,-5.432217492730894,1
9.248597711246186,4.3181918487148065,3
-1.7417714110520233,-6.787337734318776,1
7.663854094956038,5.851712213990935,3
-1.3314123924330916,-7.27991931211362,1
8.11429527598828,7.172741182879796,3
8.765609455126334,6.311055719132097,3
5.384319388955328,5.598073002079091,2
11.432079768944861,-4.422448379680814,0
6.262029173675176,6.142407097153766,2
7.555670335033794,6.327198712287098,3
8.225031883915712,6.509520015867079,3
9.921211021727242,-4.261022976472211,0
6.5576857092658525,-5.621057785730018,0
5.111598496579878,5.456727204841371,2
8.479662219163147,-5.268252645707446,0
11.477093927499688,5.527161949664573,3
6.1139408740095575,-4.890522611328237,0
8.056107886384043,-4.122618407230184,0
8.069311106210485,5.497308584655009,3
7.467751899470514,7.185315275385808,3
11.00502531693207,-5.127094719679126,0
3.6786657161129566,4.719304476403314,2
9.803873766353156,7.78472297189881,3
8.94426284841615,7.806883538350688,3
5.594174871296988,4.719605699827005,2
8.036653825225144,-5.440975678697904,0
8.703983611994651,-4.33437825222454,0
4.718754040772801,4.775655258685915,2
3.5379236792338817,4.863064622621651,2
10.076029805316235,-3.1982761043539787,0
-1.2191150566616724,-7.3032332696498905,1
-1.0604822270647385,-8.590521882070934,1
7.548128277786312,-6.646860415209679,0
8.616335774750134,5.62978417735418,3
5.4801378155669305,5.617510131812903,2
9.795270291701467,-5.159427316402811,0
5.683286357210859,6.717927009503341,2
-0.9627021041292327,-7.385948010850268,1
3.534503800751474,4.0800540712642235,2
-1.8997445716802674,-8.389452595116989,1
7.687166866147285,-5.055958347233824,0
-0.04634171951716304,-6.376018405448202,1
8.495251763394664,-4.64073613601676,0
9.424236619994737,6.964247792072317,3
8.48208049228332,-3.9213340071953233,0
9.736589507487702,7.010571687360537,3
9.210696264359417,7.739465965330752,3
7.587819388178141,-4.335542345141099,0
6.842057351178048,-2.5809595564354098,0
6.894514232238544,7.738839402858883,2
6.518577441594489,6.268332678244632,2
9.345979379927874,-3.595967805385243,0
4.438931456629971,5.8584374348021075,2
8.225747891056388,-5.099962980578305,0
6.322503320826176,5.510431669129926,2
-0.902948595566577,-6.671836140078884,1
5.006847997326151,6.0068644972674505,2
0.45945203523351963,-6.70825124551829,1
3.6681962079771457,6.633444508640087,2
4.0121137948326755,5.711839627857535,2
9.867020895768437,-3.36006811431804,0
7.249428861851545,-5.312135781653945,0
-1.9841419097135065,-6.508536376923866,1
-1.5005868055648701,-8.558195104375176,1
2.7221531098298297,7.55080961281522,2
6.3828140352094325,4.985202604880425,2
9.722205347572867,-3.863595595942424,0
-1.122663035421836,-5.295109985097705,1
-2.3240957207362096,-5.772202118831872,1
8.56972124362397,7.4566823734540995,3
8.783056647680308,-5.1724299606155295,0
7.755477467216288,8.356386978804467,3
0.31117329133643157,-5.382383424227315,1
7.100376747663824,-5.367302897598531,0
8.367893569207167,6.416350387354263,3
-0.42563655377528553,-5.599184172027917,1
7.866386364473668,5.721727624313426,3
3.15690865246263,5.321696398769209,2
5.239898980719669,5.844521041644282,2
7.656412390531014,7.972648621475614,3
0.45294242479388824,-5.571836117879541,1
7.854874296283115,7.711526725071565,3
-1.3437350370296255,-5.3952547002276,1
-0.6347279560149635,-6.1694428656363565,1
-1.30128397232918,-8.550172609136565,1
3.5111189967819554,6.2054201566121945,2
7.569094525178638,-4.627650552650536,0
8.527632037816504,-4.9926945247949055,0
8.049176916547728,6.438925675848252,3
8.82897958655959,-5.145627791973128,0
9.711177096487576,6.185615131501675,3
4.801344298018229,5.704136589284188,2
0.8572574750289734,-6.9978450431324015,1
0.8609605428888281,-5.4531370216051975,1
4.64718531155648,3.181520310192886,2
-2.3563033589094253,-5.255212485295257,1
8.957252252021778,6.450415149101638,3
9.720158237494148,-6.475059178322765,0
-2.241185030113237,-7.068696187000317,1
8.903522314943453,-5.405626927967605,0
-1.9579018104010804,-6.936727017465459,1
8.429391909972269,7.182595921677137,3
5.675240702056488,5.2658670911959025,2
8.266797458620944,-5.646696279514106,0
0.4791661201848869,-7.676946041100926,1
-0.8171723038178917,-5.051312760593177,1
8.634033952109467,7.994860595659673,3
8.44484755501879,-5.884217750581247,0
0.22335776236103588,-7.505239217263186,1
0.26391226938942447,-5.681983073452504,1
4.833761460521005,6.9349357778909315,2
7.300889539460085,-3.356345965306973,0
8.825168932195739,7.5236276661797366,3
-0.05410760054974917,-7.846407053299641,1
8.498402888271452,-5.347710716855592,0
8.764291510676102,-3.580978733168281,0
5.219124353717051,-3.6634531241543886,0
8.1107685910916,7.031584566434629,3
7.290731772494863,-4.4302540683562395,0
10.657165972372727,7.464772469587132,3
3.8598805542635537,5.690337824710076,2
8.382549933381046,7.028111340394259,3
0.13706591060815332,-5.4621342416356,1
6.696165622566052,8.185411594373937,3
-3.038142490844557,-6.318348722359732,1
9.906203919733764,-3.7237814789266652,0
7.206523253518174,-4.231961449767581,0
6.164261920899151,4.180717752071378,2
8.455339503717857,-4.014830670102399,0
0.607576185736562,-6.831057552785882,1
9.856820780891795,-3.830899051728657,0
-1.2016971380351944,-8.101056446097056,1
3.600608024430029,4.239854268314561,2
9.8782324423609,-5.20250189679838,0
10.983370911606672,5.8890250012644,3
-0.791056300752051,-6.56304748295221,1
4.687806246289878,6.514347866380948,2
-0.7288493253931575,-6.853860391757274,1
7.0334368046048334,8.233123584343298,3
7.063409671644253,-4.270397595383254,0
-1.5992363196745931,-6.483948520242417,1
7.971257790862939,7.954970456614482,3
7.459027269587651,5.2888195953478885,3
-0.31069223578479244,-7.144251244697697,1
10.027553516184385,6.122695325380042,3
4.543420149340834,5.157491187148005,2
9.201749685903463,-5.1414657111606505,0
8.052270771062892,-3.847607195849177,0
7.4889478985518485,8.574217631528223,3
-2.579886285090421,-5.9126883981542395,1
3.860070659315941,5.388990038667791,2
-1.2539583920873327,-5.033565049506523,1
9.279903034923372,-5.650037177894061,0
5.729011961046625,6.628369869693217,3
9.88661719658477,6.4102328220002125,3
8.38977397498599,-4.376950003286619,0
10.232548996557833,-5.199737431228443,0
7.759706890774831,7.952647399436092,3
0.7451032606720513,-4.808489701234075,1
5.180032123419042,4.9463071240106755,2
-2.0244748382078885,-6.978603436623999,1
8.838892846033632,-5.336209039590232,0
8.554590254003104,-3.7062434149278713,0
3.2412227975261576,4.378252336640909,2
-3.0917871335284457,-7.975342199509981,1
4.093730820276119,3.952335239335685,2
9.17718648837543,7.170287274229977,3
10.203343573141268,-7.428967009586825,0
3.620436292972105,5.166526369649031,2
9.142854059332034,6.426068707626809,3
7.851135869038662,7.2010109471974655,3
8.647743264279068,5.287981706783631,3
8.379218525660596,6.094886209604341,3
-2.173202086373294,-7.55877583917085,1
7.934978507403378,6.683030078556503,3
6.504871776878249,-3.2188091440976834,0
-2.1755234249545348,-4.395751164414216,1
6.002895615735632,4.455308352712509,2
5.260015974723953,4.131724097696944,2
-0.29760995385210975,-6.4542727492835565,1
5.2612478692310445,6.479412566426296,2
6.774230060289894,4.688766506636324,2
5.604621349651606,5.0377469777072035,2
-0.6279139684872512,-6.509980977431044,1
-0.5502817139739564,-6.932350706074078,1
9.877068764221162,-4.3663545083740924,0
8.375098264644569,-4.296594660899638,0
-0.9889481891513788,-5.2302593151942345,1
7.940932264979885,7.243388405704502,3
3.4853523146889454,6.2274328355127375,2
10.04075384294753,-3.8123456306589527,0
-2.5955359188578884,-6.660582203387481,1
0.7562595238132652,-5.274363359951788,1
8.221481781429235,-3.3614406702319126,0
8.612011461460128,5.414238642589206,3
9.932101205867749,-4.64766098470421,0
7.325265824909996,6.057358817080722,3
7.789014663205774,-3.880389702961877,0
7.121406085161007,-4.816091058215476,0
6.568953751076049,6.407300022786486,2
5.680922979252253,7.170894159639691,3
-2.1815712454488825,-6.694776251403557,1
8.907788368189074,-3.73822041814688,0
8.256183477758682,6.907307375633438,3
0.9158649483591279,-6.254028273165679,1
9.738700919589839,7.534466904481708,3
7.037433859605107,6.433963841306861,3
2.7593386561487385,6.318771731030069,2
-1.3904996616004517,-7.304299698149679,1
8.994193639362772,-4.709810360728199,0
-2.7279095177297727,-6.839265525172119,1
2.938805727331542,6.7585237997568965,2
-1.4731523875794128,-6.895250383490725,1
3.826561645912784,4.57616870782275,2
-1.365120562552677,-6.55910448357428,1
8.358233860517593,5.616420615318803,3
0.8896016763081647,-6.4861911244032715,1
-0.8458157753452902,-6.665557716054378,1
0.34938642332698167,-7.541581756797272,1
-1.6596864480187872,-7.08955837185303,1
8.363843376154474,5.764144861941698,3
9.023583217171367,6.589326895546703,3
3.6898843157488304,6.627037952657545,2
8.007298764652298,7.333421449074512,3
8.552476578993025,-4.648926187037446,0
7.7862804865797495,-4.3535445313529895,0
0.3964507023302599,-8.423189951743783,1
0.10599449820218765,-6.212065215974544,1
-1.1042323608980462,-5.737808782566337,1
10.074849773070415,-4.410348595791039,0
3.905870354593011,4.172704669749781,2
4.158837768460299,6.417278521257442,2
3.575454256492486,5.868145891126028,2
-0.7747314160699861,-6.401526533009439,1
9.250556037607476,6.641144969636326,3
9.320139640769142,7.481587697417085,3
-2.404639527312167,-6.196841635078227,1
8.481053007771868,-3.902562471914458,0
6.433408860901361,7.050818071972482,2
7.962410338128839,-4.71254047137091,0
-0.4654902058368114,-6.178446396653177,1
0.009579950006628035,-7.5032699319246845,1
8.703736269564184,5.977273329715956,3
-1.096678630196331,-5.312163659552293,1
6.97627800316039,6.362742960165695,3
-1.0871958142245388,-5.907797537308234,1
-1.8284742212921965,-6.994034191566184,1
4.300609578233581,5.525621405203173,2
11.253142723555912,-5.921422783168275,0
9.101642916870064,7.279320176743357,3
4.962693957091588,4.506128504016856,2
6.809340845512777,5.224344896667047,3
8.949186551370833,-6.13073517554969,0
9.262476280629787,7.104133828797961,3
0.6161318585113265,-6.317271105012859,1
-1.29133136648265,-6.910958392281214,1
-3.5347161608009223,-8.424949786643284,1
-0.3977304902815457,-6.924394806309778,1
7.48613938754096,8.104415670223462,3
7.560793272630856,-4.693247884983073,0
7.411422676994709,6.575383627560263,3
9.365813700665672,-2.430160183762736,0
10.259816422112952,-4.199430469509301,0
6.360652771699489,-5.112854933443437,0
-1.8233153081676452,-4.36727193028803,1
8.522207333647833,-5.858015195694943,0
-0.9161409441908507,-5.888898045950606,1
10.122195704024609,-3.8408011417064802,0
5.7918726647309455,5.136675678642477,2
9.762306413712846,9.90911770911891,3
5.428716727165045,5.082164762416598,2
3.8175188958569937,6.8094367632342685,2
-1.7176090594302102,-5.940467890343422,1
0.4023154834698497,-6.926203355634626,1
3.6464826021023677,5.200495563785423,2
5.221499191422726,7.732402240896907,2
-1.045422128631593,-7.254084845441735,1
-0.42946695431830806,-6.730066003757031,1
-0.3363544537921851,-6.0812280229166795,1
-1.1536890068990662,-7.704466745561374,1
9.507450479138305,6.093108547164869,3
7.2710367987928874,-3.2565469841481116,0
4.811655123926098,5.773720088838784,2
9.143279330054302,-6.134062350050298,0
-1.5445276753475152,-6.345620116802403,1
-1.45889756587761,-6.632278727880192,1
-1.3018607822353632,-8.483552419533712,1
-1.7847855902737988,-7.305971603183646,1
0.06617246233615526,-5.059504609084121,1
8.102161134025938,-4.8224224985281365,0
4.520994400920154,6.616778867788431,2
4.606952251680882,5.200954876641503,2
2.267769439948726,4.07757998677563,2
8.08034512514652,6.481752415319249,3
10.787848935833791,-5.310354454373519,0
7.902000783420302,-4.935427139796934,0
8.859888407177552,6.8051360589467285,3
10.998473100456733,-6.474832383337432,0
5.214487516912483,4.882206099852016,2
9.973730982499145,-5.673058913938731,0
9.528204219154574,4.742794106263026,3
0.3316064994438721,-6.478142950695406,1
7.851119212380369,8.038974616495636,3
-1.3093423509283932,-6.234325792670793,1
9.056142687431334,-4.899029122352832,0
9.059148993176025,-5.657496705411553,0
10.167966362766963,-6.18685086459885,0
7.981056823488458,4.684627768938395,3
-1.0959801982553694,-8.477498310440131,1
5.968997216352343,-5.622650410512332,0
6.932772116734719,-5.5577167271277474,0
8.366937440811798,5.9669867481155086,3
8.076830140966688,-4.664319082984931,0
6.0068184510381375,5.590214502348502,2
9.427986055561947,6.991857839353466,3
0.5892908073215186,-6.8455785188399325,1
4.653669599290824,4.27353812533792,2
-0.8315368180280559,-7.718524969172359,1
-1.1030749479856001,-6.713218071944521,1
5.284730933030675,6.551545580707794,2
7.3938704947984855,5.98645453935773,3
6.620007672148239,-4.813587215831795,0
7.943428572771777,-4.003461952294063,0
6.72680047145629,-2.941039441972375,0
7.14998449143749,-3.6857307177981333,0
5.264517888693127,5.829485076497992,2
-1.4893211427921407,-5.058068416278776,1
9.495728119732206,-4.9763030465646905,0
8.957773193715107,-5.235592024919675,0
5.406830515286427,4.529331357470739,2
-1.1616295081779902,-7.137511016246851,1
5.569899172550262,4.5683735357590605,2
8.027064832664205,-6.088572914953751,0
7.340821592901258,7.935071309804673,3
9.14520275362123,-3.709020927077125,0
8.061890793701085,7.794030028250397,3
7.649931672897736,-3.363960092011778,0
9.532610046037284,-3.9418233635620163,0
6.977044260559474,6.343795403627925,3
6.159627255776439,6.799381008622874,3
10.082896968574772,7.7263394945784185,3
7.846182739981877,7.266993145752076,3
9.080015551609582,5.786869029681913,3
9.17770779822747,-6.085997482458684,0
-2.4082519088473333,-6.426305642552511,1
5.425933358456732,5.012201412649306,2
6.9125667899894,5.426407056647649,3
8.910878610376702,-5.23090259520375,0
-1.1353072923623475,-6.998357115200471,1
9.109602145403615,6.878612525767848,3
8.748526458457276,-6.904516445436364,0
5.969047174526895,5.63128647933036,2
4.515615333609013,6.131626538881392,2
5.877338640327097,4.696905952958922,2
5.756483056852196,4.599849758734506,2
4.533990347346996,5.0583464889288425,2
4.26543152266542,4.098033086090226,2
6.344859401530848,6.138615376334882,3
8.474621147761972,5.99336888663883,3
5.036367122335826,4.768398001749241,2
6.5523090212110375,7.263498983398495,2
-1.818768072385295,-7.402922207609998,1
8.523784797217951,6.993726989224777,3
8.977369108932123,4.806976103451812,3
4.173440407182594,4.590740024338922,2
9.951173726781567,-4.321269701578032,0
6.759452527736056,5.306101867615526,2
4.679368338825217,5.894000054060375,2
5.457809159396326,4.6032485150903275,2
0.42983249043984806,-7.491939328406851,1
-1.4923130824625321,-5.909600061626158,1
10.73035245381313,7.271373316085685,3
5.537940368251916,5.509207649999016,2
3.3876393564723433,5.7198000041989046,2
0.3732868830976577,-7.998518189501899,1
6.2673156228043325,4.856273053321905,2
9.112194177422131,8.593318455002201,3
10.428547201196766,-6.498401741387445,0
8.100497392534734,7.2362766014228335,3
3.0127626214674637,6.063125346211753,2
-1.3438862404515228,-6.982761862084078,1
-2.6954805215952273,-7.500084652462594,1
9.408323650715083,-5.321510815426694,0
9.539080767845753,7.369457555214014,3
8.382540492517219,5.968469932504124,3
8.775060051098862,7.5609378834275045,3
8.50635887371315,7.248487884588396,3
8.401391925899084,8.205410706003969,3
9.51634332351053,-3.797187662866445,0
8.17899005062239,9.08755729629086,3
6.077552547293958,6.7815918017730805,3
-1.6931799211541025,-5.500882655541183,1
3.2391965328931613,5.029572233312857,2
-2.0542515969608077,-8.245419051460761,1
9.065495517320995,-4.203890570612616,0
-0.9135312677434085,-5.830938279335162,1
1.0806609316663511,-6.255617856159254,1
4.860753568913675,3.897107210800808,2
-1.5641025703949947,-6.003409562435486,1
5.0144328326108605,4.119644295329149,2
9.009244832801377,-2.150712269281477,0
-0.9312151689009565,-6.1042293213413075,1
-1.9360874418126892,-6.6785570568019965,1
8.555055154294784,-4.824317655318435,0
8.139791823738015,5.029329245958222,3
9.472364385654807,4.600302483636641,3
7.941013677797051,-5.3435425585626035,0
7.61242114906989,6.809392323122581,3
5.452263829811849,4.372917804247995,2
-0.4482966865205987,-7.563078210795235,1
3.5629499816324737,5.134301176355786,2
9.56455124085996,6.5186498128274755,3
5.4903923511844965,7.24811813223302,2
8.42172022185441,-3.8826014456950935,0
-2.3434648740720956,-5.047424482609587,1
9.413112087407386,6.540124090257306,3
0.9181055867978725,-8.12630377660686,1
10.996958357801422,-5.154104607580102,0
8.06145856750846,6.559562907694103,3
-1.439359293340391,-6.618567929355036,1
8.63517163267093,-4.165519643062494,0
9.48409305815336,-6.894274360636044,0
-0.8741083236043306,-6.572450107727889,1
10.164173128317088,-4.380948700593087,0
8.995038304163558,7.193270023313843,3
-1.3564420203411554,-5.3307718372789985,1
2.336612849140199,7.2910813048500085,2
8.39191661846829,-5.602797459022031,0
3.399583147143658,4.90610800983341,2
9.254284512342673,-6.904679608358717,0
9.206544866505856,6.794412436460372,3
3.7007466525822164,3.8552348126655414,2
10.732984312493578,-4.891532905414053,0
9.431564892475906,6.239279308890427,3
8.764382599319056,4.386461369984475,3
5.989080406401366,4.258519079658206,2
-2.111731486534552,-8.556538793603655,1
5.20029387715387,7.010083819291011,2
5.547727595409221,5.349144665954482,2
-1.4984567789415308,-5.922201271594538,1
7.784266520583548,-5.7079630439685065,0
7.839033395395929,-3.0205397816674475,0
8.865458701596216,-3.941031988002417,0
5.032312055209935,4.806685033101534,2
6.315103102912355,3.9140908765972227,3
6.610926032536653,7.211625817321803,3
10.01402056160746,-7.532531188567196,0
-3.3101272673247832,-6.433201368744633,1
7.874387616658225,7.459851868241841,3
-1.6920506010163825,-5.904959521946857,1
6.411812936625331,6.965596675401306,3
8.696815240137356,5.480475695383245,3
-0.08791201508543289,-6.116325188282063,1
-2.708624740265395,-6.311201365004339,1
0.2980236214488232,-6.146145308115098,1
-0.47449411196434005,-8.505303646102151,1
-2.038387990437359,-4.930386847950711,1
9.785688979597202,-3.316939460551664,0
5.147409054201165,4.795575527357523,2
-0.514604304980866,-5.543721952582157,1
-0.7405102591837527,-7.617400730263249,1
-1.2464780027991416,-7.638602603229173,1
7.928959329713337,9.48734634212206,3
7.808769765077449,-4.172198206369325,0
8.537424671026649,-4.466423406022258,0
-0.11133625512087542,-5.422054748871198,1
8.004555692612792,6.247745558244058,3
7.656219999141663,7.506008407509961,3
7.984461161247246,6.639315882600495,3
5.662751579887708,5.807453254403256,2
7.746217567142175,5.687206393992329,3
4.177362348911934,5.8952573727037425,2
8.747561314986122,6.757256217791131,3
7.57695541202629,-5.476903724614638,0
9.525698238947438,6.407188984947235,3
4.099296716533889,4.455773574572637,2
8.858544687844294,7.726351869776895,3
-2.538646387789839,-7.267248891982674,1
-0.17672077103581363,-7.104786066047712,1
-2.38519908647994,-7.0683726547856,1
8.299131842329517,5.181645257382762,3
7.4736412668045595,-5.581672245009884,0
9.706530519372638,7.505467528064211,3
9.11484705887096,7.374987680867997,3
8.95549517406187,6.829263276250174,3
-1.0004420832136318,-4.905625890106721,1
-1.5612417857089653,-7.846773030074578,1
-0.588563015074206,-6.486778818829566,1
9.035810386818413,-3.9682507775524973,0
3.254068250727828,3.631882872444513,2
8.168094111277263,-2.5294720519338387,0
9.170515064176172,7.334461687318663,3
9.29249200961035,6.646856522781659,3
4.127684993160828,4.107514779661306,2
9.207570708189127,8.798573362747742,3
7.575728180646156,-4.514717058683639,0
8.520610541159154,8.616341121575937,3
0.9907213999940894,-5.5516084496148865,1
10.380858777353488,-4.101978418153851,0
-0.45547898242260143,-7.829083855285993,1
9.372011012264126,-6.043523049161104,0
9.02914427411018,4.337331320934139,3
8.067400111267128,6.575404144364252,3
7.127742558985066,4.73607642315004,3
6.742954515088579,-4.702708195544279,0
-0.9805895828046997,-6.405527279265014,1
6.459719970277317,5.414128077032784,2
-0.7503245265468972,-5.765664957290837,1
7.602425516309729,5.47348048321339,3
4.406229514957219,7.6942928507821,2
7.928572750681652,-5.803459150562857,0
8.124829126923043,-4.27289463094027,0
7.533024002492635,-4.955227268439044,0
-0.7970565322686662,-5.21837198022634,1
-1.1598291169534858,-6.286497580478542,1
8.781121268761256,4.928565445175419,3
-1.8156592377371834,-5.53052925373875,1
9.262023953770557,-5.266652403033829,0
4.990986117188254,5.674459973918326,2
-1.1498331315002386,-6.283096304330376,1
4.452907079910362,6.003904687043,2
5.7150180484076305,5.546823249044138,2
3.367598162786848,6.070212949955168,2
8.86659833205137,6.784742439644129,3
4.043778929327612,6.941880050974026,2
7.097797986518926,-5.454534619733673,0
4.4697220572389975,5.760182673058092,2
4.052611692850421,4.45894524452981,2
9.035273813474653,4.566197979704749,3
8.330760651484164,6.91715264263443,3
-0.8615449428590387,-5.990130858520508,1
7.6792993499422915,-5.816116222977934,0
7.345768736799187,-5.3885888822680075,0
-1.5810948755186733,-5.451527011364413,1
-0.5813719069585341,-7.5822523608951995,1
5.333370555609399,7.444643325763813,2
0.5286714278040898,-7.671106702722307,1
-2.401445087295844,-6.27747203633364,1
9.024483128656655,-5.183887699444199,0
6.666367544022425,6.681194148241095,2
-2.222994300317371,-5.105196899334392,1
3.811551861203246,6.687869187277771,2
8.966368603086162,-4.912226115357486,0
8.083921849739122,-4.469631163763343,0
9.788813828878922,-5.2356419017762175,0
-1.9577310219097441,-8.228479967878725,1
-0.9109838494411937,-5.31084009734868,1
6.05013592794882,5.499555821377336,2
9.04260582630731,-4.964513222505503,0
3.9200687006110124,5.84326344622977,2
-0.45961319298381187,-4.042485095330624,1
5.0635700138607405,4.629851336475052,2
7.880620448838537,-5.610320816145597,0
9.332266447671259,-4.4160586033524085,0
6.820347346093479,4.166071314457834,2
-1.9982433733273193,-8.768560753776601,1
8.728034630947567,6.316320751902449,3
8.3347638806033,7.359760208185983,3
7.256244823709065,7.409025368272811,3
7.591344200507537,6.4732261028629585,3
8.71116977684891,5.841947660458369,3
4.792860831180927,4.636838056345472,2
8.43656113568767,7.170609410906085,3
10.853474062199176,-4.931417533794163,0
-1.396424577315941,-7.014192780635468,1
9.042515854079866,8.203279853705691,3
9.767243003385982,-5.074515163825092,0
0.5209280428968386,-6.348283150424702,1
-0.9320660448616361,-6.7396847231337205,1
11.61672319902942,-4.436098274018121,0
9.100037860701756,6.864734502123906,3
9.0893229533221,7.824030619915345,3
-1.4116795339004964,-6.801729132540185,1
-2.192028093681077,-7.400758973935264,1
-0.14811782896561188,-5.15002668874579,1
2.779462753932136,7.286182978635282,2
-1.1943439890850818,-6.506829762806232,1
9.385341467687283,7.112912242193673,3
9.637040441125654,7.449183536583879,3
8.398464233729063,7.291399278024254,3
10.357317328106632,6.446219030095668,3
0.8797734913719153,-5.764502889267154,1
6.051020439477925,5.026039982823516,2
0.8705564427202019,-5.88389606980172,1
3.772830126301482,5.880632373073685,2
7.750979567787317,5.363455567032746,3
3.5811880685268673,5.594039507329422,2
4.130359938812637,4.470458417920437,2
10.326361509144263,-4.398480230231502,0
8.93885063991357,6.406150788064396,3
3.9820321087471324,4.44022107569004,2
6.407421819241675,5.956474712518192,3
-1.3698789207916078,-5.843553683709476,1
-0.4201962481098006,-6.132743035731221,1
8.456246677232569,5.537989933116652,3
5.355072929972739,5.338602197503741,2
-0.3587544863020914,-7.377931574856678,1
9.770843181272982,-5.97007497066189,0
8.361590738014502,8.17380493293322,3
-0.9630001582256068,-7.394965819022843,1
8.714996522979447,6.4998903274350806,3
7.863057132645247,-4.468300645691409,0
8.811000860792465,-4.532392274079058,0
9.654327877342586,-4.344307776802189,0
5.273974238358117,7.156200234545568,2
-0.8076830907183853,-5.84818328033342,1
8.471822804075853,-3.438750256541568,0
8.713807257508726,-5.319334786339489,0
10.012860113587422,7.640238122201557,3
7.978469037165271,-5.006958373572193,0
7.516668207231164,5.696737358265154,3
7.670304625662763,-5.122913892363765,0
4.775283350223408,6.66448047324003,2
6.753995097005433,5.773921442532222,2
8.344290400750177,5.748175541770743,3
4.384167963438304,6.575521284565767,2
7.702291306380793,-4.65140133331721,0
4.34615096749678,7.4010547153385,2
3.90974684885479,6.063646701516434,2
6.418300910247085,-3.339758768472434,0
9.573510744987498,5.985872973607056,3
9.609952811547128,-5.594071533009316,0
8.506293854867682,-2.79426197036349,0
5.179523558201852,5.1087334663110955,2
7.444989648148577,-3.0822790387452574,0
3.108091970296189,5.248856498221866,2
6.658460613444926,4.638796626376468,3
11.373271304928851,-3.4046285407514203,0
9.639841304544417,5.2818153428354595,3
-2.5362211867896933,-6.107269965859749,1
5.18269948824762,4.745065894258256,2
7.195707327579822,-5.2201608275974705,0
5.907316556361203,5.14170481880894,2
7.556973118344579,7.281681814924552,3
8.987215958377128,-2.8194055985552704,0
8.234573012969657,-4.835188826875855,0
3.8674670610794335,3.857797987460658,2
-0.1503495844929108,-6.741815773092243,1
9.118701139540875,9.598469820675628,3
-1.5794399895226436,-6.806188632788605,1
5.253806018280947,5.320359021308328,2
-1.182929481424747,-5.228396008121448,1
9.896219819591876,-5.048643339194092,0
5.339010239426527,5.490114573252233,2
8.723071198885275,-3.884897817214524,0
7.915871116562581,-4.287732276273789,0
9.844802275591974,8.989742125628121,3
10.987268039830317,-5.802858822047777,0
7.763294971886611,-3.714970642147236,0
4.858188454444302,5.382617646657981,2
8.08177918180236,7.56969821664946,3
6.4085110102888745,7.337138188880052,3
6.323720148460218,4.743925805274078,2
5.3901771951732655,6.391632785633616,2
4.3607506524618405,5.4188613537957195,2
7.758982020027593,4.60458483865211,3
8.38622034565145,-4.903612972998816,0
7.770682496980662,-5.440074079713805,0
8.522258237296759,-5.233957646541481,0
8.844525008807926,5.0053306797320944,3
5.276754136175603,6.33003054071313,2
-0.06203627410871282,-7.426471265937642,1
9.221308224923703,-4.656299497005182,0
6.814816441964526,-5.367401719763368,0
4.955581382370521,6.088508480525837,2
5.503999018466904,5.496375535737434,2
0.1297814787372107,-7.581219232693771,1
8.02394142725511,-3.777116980378043,0
4.844350506454055,6.923601250940855,2
4.627222409314962,6.149627070823065,2
3.2084902157121795,6.2681560695113685,2
-1.0171641892849461,-8.384835787738881,1
-1.3819571236531059,-4.270481797873259,1
9.500153988231473,8.049030829332859,3
8.656707623123179,6.237785823614247,3
2.560780737397285,4.813184861393757,2
5.897492221558704,4.0850719700705564,2
6.162513516079244,5.171024693371506,2
-0.8544405730021388,-7.533770721391756,1
4.9005722004844126,5.662096514495144,2
9.1107967915713,5.979414051281584,3
3.580551212626353,7.582153652660994,2
8.549585519617986,-5.702899343603596,0
-0.6423895815479297,-5.6976981545041605,1
8.82478508798761,-5.574757915860792,0
-0.3242441367854346,-8.29547659349992,1
0.18776345492819346,-5.337980378317548,1
9.093605749640421,-5.453292247012955,0
8.088135321952462,-3.5804106391673436,0
7.841828927859349,7.934378591177354,3
8.711957475635531,5.5622197364051384,3
5.606120041430755,3.546311608997318,2
-1.1933356057683546,-7.4579051764968005,1
9.284844480174149,-4.6499751040179484,0
7.90690612276591,7.460506197299701,3
-0.6048347166627277,-7.321792913017727,1
10.233488604701428,7.6139367686271235,3
-0.7625900373371162,-6.41730422804556,1
4.329812611266442,6.1381521654847315,2
4.0157691179545445,4.008454179594652,2
-1.744460180264375,-8.12515245035211,1
3.860161758333984,4.683787767772287,2
8.788416874579777,-3.8005677169774392,0
4.071917392966593,7.545704537676996,2
0.090491771002295,-6.501672903619945,1
7.713470562819397,-5.507879902962927,0
9.858478779823066,-5.5679448833819185,0
8.211695915659465,-4.665987081172307,0
8.321577156032411,-4.238085721259647,0
-2.9932582135914516,-4.517941660836824,1
-2.014476997900548,-6.164628873267158,1
10.028754848229001,-4.301127246365911,0
9.008225543347248,-3.479130928669918,0
5.528271659190246,4.852604779560985,2
0.02785218860959371,-5.147133040848241,1
9.036397269463377,5.492806010448587,3
3.618961884631039,6.999360471543458,2
-0.7517658271200509,-6.817366148347051,1
6.173564051808301,5.243330142124066,2
8.360202378714451,6.179098365857715,3
5.825995659151653,5.041653918017203,2
4.987915964126066,4.667663215646773,2
4.741938160663584,4.99461337471812,2
-0.5931238148775011,-7.079103345511946,1
-0.28773526121220594,-6.261043077347271,1
8.964366551888022,6.53822058393972,3
-2.136605422846933,-6.483840572126065,1
5.877150221127722,6.754009140507947,2
0.5140592787926397,-4.956199656918078,1
-0.930159227976013,-5.442086617146163,1
3.6247351961124687,5.803767355982154,2
5.582114648033865,6.766655979010098,2
7.764722906151064,2.8437675944529754,3
-0.9824253377200657,-5.856158888202264,1
8.766745189731608,-5.427257850806413,0
9.092190149244763,8.351942062306602,3
9.447277874211332,-5.043620472958613,0
-0.37103336042368185,-7.43801570035227,1
8.781617627622431,4.9233691880636155,3
11.358592712396057,-5.475474044021211,0
0.27162552043296273,-6.307983546073077,1
4.9107092769883325,4.988531723657404,2
-1.7593240085038677,-4.929893700634887,1
8.596682191747366,-4.958812346815039,0
-1.1185498450049904,-5.933180699119674,1
3.2629489984186035,5.541725317313612,2
8.761531795545299,6.5466232767893,3
8.983351880622285,6.59917083902908,3
10.249771752390954,-4.705532536827052,0
-0.07930714727022525,-5.176697162984711,1
8.669357290476777,8.271705811348792,3
-0.5340148790882204,-7.951558089830229,1
-0.5447937998773467,-7.441343742679179,1
-1.4731792200385052,-7.183084665868991,1
-0.2204005531470431,-5.0700626195104155,1
7.1013747334502,5.73470545363802,3
8.306218757023519,6.662300889653101,3
8.714655427487422,-4.172527265425603,0
4.403889151760668,6.051269226335577,2
8.247550322416785,-3.8385814333359014,0
9.477181872557756,8.255319292480769,3
10.610562353784436,6.120112666770454,3
5.43063971944097,5.829388683123081,2
-2.176740603332471,-5.434690269995301,1
4.448290808536462,3.936058787979139,2
8.200619752362392,-3.9456076133206435,0
8.098285763163409,-2.354389637759054,0
6.61959923040106,5.731417814028492,2
9.495648782328807,5.097205469739997,3
9.841269725312571,-4.134126802280046,0
0.006275519381645278,-4.670474438551489,1
9.738731881445716,4.988852262407386,3
-1.061828875456257,-5.301729951774022,1
8.32457848431198,-4.7605307524994025,0
1.8234181903342375,4.022802613647915,2
9.801617768818774,-5.081658072596183,0
9.048864265744047,4.846435901875424,3
4.489410408699688,6.363776018755283,2
10.10920762572236,-5.348777632701659,0
9.341258472963238,-6.381974086112813,0
8.090655558591488,-3.2468166292596665,0
-1.7447330469508584,-6.714111573434088,1
3.7911280890199364,5.496741715033725,2
-1.566554593611387,-6.443474195087578,1
3.233325469622227,6.431610886784471,2
7.703604173478016,-5.6244604167797165,0
3.991241124509105,3.5589261415020954,2
-0.9343994813354247,-5.380725272781573,1
4.645175920702472,5.089828467585686,2
3.8630569789627267,6.138009696391014,2
9.275060631411439,-5.03987037290085,0
3.1397847140185573,5.962251858205362,2
5.460981763930132,3.8661037526510693,2
8.16939325828374,-3.1829133972657777,0
8.30501292676023,5.265625443079721,3
4.296462828354127,7.156105281896158,2
-2.43814173918027,-5.448779462271687,1
8.47530244499468,-5.2682093745860765,0
5.927946227854893,4.411455903340685,2
-1.78860863023362,-6.724299846290524,1
3.938781403601022,4.975444793359103,2
8.343817057693272,6.275146883998073,3
4.481221486189531,5.220576931193078,2
9.129336855581748,5.343060535397807,3
-0.46258925976853044,-5.969365383407803,1
6.364403851383299,5.897120534696647,2
7.723664230123407,5.590072552425681,3
6.740458578062961,-4.768039883843595,0
5.594981527241151,5.853056388108227,2
6.471405799226342,6.074171761980501,3
9.15795645957958,7.539690739766655,3
-0.9712301824605963,-7.250251772876511,1
-0.06766399582614424,-6.439053248457421,1
4.182613155477073,7.050290322277545,2
-1.750029130350579,-8.432185571820003,1
-1.140698198529478,-6.5712135801115386,1
7.877419422338635,6.36596752282062,3
9.575782629186202,6.250847647021134,3
-1.655372998450537,-6.8486825843442265,1
-0.6686025304339107,-6.060797139858886,1
8.525876924908443,-5.97481863253512,0
7.310365075449288,7.988048801861034,3
8.30601013174961,-3.874336774464389,0
0.35205688028895565,-4.851635263695942,1
3.869388462451636,3.1466626484394027,2
7.430991462542794,7.501188544126124,3
4.356844695722313,7.328424574895027,2
3.09890719595445,2.4715499203042026,2
8.871522282760797,-4.270309807404555,0
4.188723063164708,5.782501052710407,2
8.711997376508274,-6.025493564318677,0
8.918362946243015,-3.9236313293481913,0
8.42694657744897,5.209194478661608,3
4.513145897651461,4.837292117266591,2
0.45124637373906795,-6.477414696664282,1
6.769378539603316,5.115197013385991,2
-1.2201237629073276,-8.44518375894416,1
5.442765597437858,7.603515530882394,2
4.364407053739086,4.123769480033259,2
-2.298659925655049,-7.085207654483572,1
-1.3921972907052207,-6.4132971444231615,1
3.9730798190724346,5.517962714130405,2
-0.9203270246647848,-5.941204145626519,1
3.7440315082329683,5.279453810470205,2
8.486992193076183,-4.0995923596536334,0
7.885086619567364,-4.794778369360524,0
4.00740511188396,4.090649042785373,2
-0.8453663212570244,-5.440176672480856,1
-0.4964877912733857,-6.07759611047227,1
3.850011617268894,5.961011679961922,2
11.339905818794147,6.839641360049512,3
8.523722972631642,8.221044716231898,3
8.395689615253435,6.099339858559298,3
8.589320462146938,-3.501618914970858,0
5.332999332456302,7.385238333176302,2
10.3719876260745,-4.663579322236919,0
3.1458392335543452,6.3400196768470884,2
-1.2539167318612132,-7.067342772105037,1
-1.7155984948208913,-6.150444786306694,1
5.335343358322947,6.142271539386991,2
3.3976415490427607,4.931215563066042,2
5.270469279132736,7.682855927984665,2
8.985302761044064,-4.589709222601341,0
4.2229976983553925,5.231493859320417,2
4.109410582530341,6.717025956051943,2
-1.3391002219629546,-8.097241648782363,1
4.247517372545132,5.519128375080279,2
10.701666575168405,7.816535137699665,3
9.46350592649825,-4.887686174677744,0
8.971286883674102,5.210624864669592,3
4.961237934033507,6.209376173957526,2
7.733983014416692,6.945925495190426,3
-0.34814765055887964,-8.813194161224299,1
6.573037320877993,5.717854100179135,2
4.106735145889605,4.253226173861565,2
5.059565497382696,5.080727590776503,2
7.7786639664549,5.5692537457417455,3
6.261423253809845,5.5795680241426675,2
7.147693336175181,8.299465342844663,3
5.375133623265201,5.665769306164344,2
8.567148317894622,-4.626021911374798,0
5.20176250037647,3.8037064669837495,2
1.980514088025929,4.277416442602252,2
3.407712951643441,4.21302409933989,2
-0.2661919462459721,-6.928829082260615,1
-2.6888120637509676,-7.503845851325172,1
-0.46461465268563823,-6.335203608224266,1
8.721068488957439,-4.478742711725266,0
5.946248495613547,4.161285375773939,2
-0.4088066681280682,-7.551341476544785,1
-0.15409159437492514,-7.147661194852899,1
4.322653428520879,5.620772320200348,2
8.527211030449394,-4.416776848399073,0
8.975405843540491,-6.449354720358896,0
8.746262911849266,-5.061437648406691,0
4.201241847098174,3.7106051734281724,2
8.092507887257733,7.526938865090488,3
4.718567685164259,3.919464324584832,2
5.267315113132978,6.976892231233954,2
7.805905331873341,7.425818673884817,3
5.043597471935225,4.7248536252901765,2
8.838181353146352,-4.145445112059173,0
7.469222142081032,6.651017207038694,3
-1.1523833399028736,-5.788932846905109,1
8.879790774883961,5.709538073071357,3
8.87869201617901,6.75500003038815,3
7.60424353984072,5.551362994616986,3
6.0608465189766765,3.967253070336204,2
9.10813023700911,-4.629154521074966,0
-1.655141664411044,-5.4611179127772775,1
6.1900705817318045,4.905150223186157,2
8.631005858319876,-4.142346003293042,0
6.519802261789306,3.833680240347492,2
8.04783582367163,6.582186907691573,3
7.234701376295078,7.892328698757869,3
8.174909352755936,-5.014095340913458,0
6.674701219862962,-5.064397360387126,0
7.008393781918574,6.54643860447304,3
0.022303786587369534,-5.7432063021527355,1
10.473582730213355,-4.73723270118935,0
3.830232111241318,6.0003639493878715,2
6.846722253958511,8.852155108696696,3
7.396379735742871,-6.1408785540801025,0
-0.5585697602644579,-6.61018795871653,1
5.456622039280823,4.316328429319966,2
-0.19880006635996217,-5.2235568159229135,1
-1.011393260519517,-6.122991755339738,1
8.509483480734835,6.24000604457986,3
8.740120953475227,6.4844958172536815,3
-1.784002257245557,-7.047921070527789,1
2.3370223220717716,3.327224141973836,2
7.941023095897755,6.552644736884942,3
8.706327780846145,7.796623849832258,3
7.987486539378806,4.91785214510586,3
3.9211143854805015,3.443100113525313,2
0.1555404185149587,-5.71618244902185,1
-0.9165228922068475,-6.85200149734524,1
-0.770202187469988,-6.233178026654524,1
5.397014750658648,5.490027718534457,2
-1.6500913430176012,-6.388601775811565,1
8.526141670779673,6.584938283028051,3
-1.4027589874044035,-8.31539507117189,1
3.7504351328238004,5.054867343377644,2
5.185291476984762,5.735234106630269,2
8.20797556475557,6.83471327403853,3
3.8700729099837976,4.311063873364764,2
0.7689146048397566,-4.847065818545037,1
-3.462888153619516,-9.494100176489926,1
4.777214648374806,7.508192441571767,2
7.932236178727768,-4.821987091718262,0
5.484074174153308,5.427351603516368,2
-1.5653799797099313,-8.104144540690458,1
8.904148646772391,7.1661561843258506,3
9.751560768960577,-3.365192924618137,0
8.477729751793257,-4.354984340177866,0
4.1518999614436565,4.5872729657381655,2
-1.4302254892788686,-5.486922558347828,1
0.08642489349329519,-6.370728004060147,1
10.086168319506712,-6.785797908168706,0
3.904191980761371,6.074872126505173,2
8.40904807587651,-5.820074046046501,0
-1.5388118857962698,-5.3955403514568605,1
8.53254007876564,-4.241765911896128,0
-0.26475104058437116,-6.5229850224188235,1
7.383263484158713,6.046548129259368,3
-1.1583989494389986,-6.91705138053848,1
3.625891293942022,6.797400482576617,2
9.859459776997934,-3.96245025424378,0
-0.22770509108248183,-5.448071418949996,1
-1.0424441067540708,-7.320398817919239,1
8.756121257267914,7.211194011787187,3
9.013883367235756,7.334617372839696,3
-3.328991894993477,-6.76517613604239,1
7.271909006288652,10.31785831088559,3
9.654983476219764,7.40306044790281,3
-1.0008853778640754,-5.711635982035491,1
7.464992108539699,8.481954014170071,3
9.045380064962336,8.045464015251007,3
8.96347376031797,3.931105035980212,3
-1.7997633506488304,-5.912379159716295,1
-1.2250856761735065,-7.572998441308686,1
7.722851628703288,7.344430656560685,3
-2.144363548012608,-6.7951526036355645,1
7.359020523267783,6.414841360428826,3
4.056732273521842,5.896717019776007,2
9.579840657232385,-4.211586684607452,0
9.389395306959205,-5.411823994850687,0
6.0254047897862035,6.0473133920801905,2
10.074387712835552,-5.3647622054290665,0
6.930515050818009,-6.454311509157744,0
8.69582561923013,-5.4780707595138365,0
7.615238965133452,-5.151907834943226,0
4.295819375390247,3.9989463362901017,2
2.757368021751606,6.21807561381821,2
4.557640733378074,5.766232148989454,2
0.8704148780086856,-7.4708541159394235,1
9.505321484355662,5.774766633933354,3
4.674408979292708,5.73241786637912,2
-2.549089143201739,-6.84181346544707,1
-0.40384419835561036,-7.177256067453496,1
0.8774597009391216,-6.302543802453483,1
10.111218722414103,-5.239427242044393,0
-0.17802389007382913,-6.460786624358903,1
3.9417720831123324,4.319199193270007,2
8.262778120796389,7.357070460936374,3
7.261506244400084,-4.554371049548107,0
7.167106591863912,7.205243438970309,3
6.865742776879315,5.888372210326723,3
6.070777381287902,5.17909055654108,2
0.8020264828422219,-6.036074612584693,1
-0.4897883305787424,-7.65956670932338,1
5.003900768355334,5.872444800232459,2
5.672029178682516,6.1849971704695195,2
-0.5476493519535655,-6.089994558945164,1
6.920638823562065,-4.847364367972047,0
-1.2622077077300826,-6.235332483676691,1
7.257071249849277,5.3611953270535855,3
7.233831239922381,5.564725187672798,3
7.252079116864574,7.15034499337658,3
-0.23287515114731483,-7.354070370144277,1
8.562010104441319,5.69851744681422,3
9.23723250102687,-5.045497676120399,0
3.444546566743228,3.8792567091028216,2
7.390311089264367,-6.785587662107702,0
4.464145620711637,5.763674408149133,2
8.252350081791397,-4.973869736632474,0
7.931501526123064,-4.469044228325234,0
4.386339319999621,4.350675931844794,2
-0.5721811981530691,-7.980084159499276,1
4.991515214092818,2.3116297308120477,2
6.767196541956066,6.8625012273080905,3
3.3719518951111445,5.341355255336123,2
9.897704217529594,5.442017537502219,3
3.7389497155398317,5.163362559972574,2
8.85416324124109,-5.302595539918512,0
8.033506557485122,-5.226437417035755,0
10.123171698125102,-4.264923674861346,0
10.255439492043386,-5.713164784057831,0
8.930594855612435,6.912536199727916,3
7.90738628070809,-4.138224263354598,0
4.650019137017105,2.3337498890819983,2
7.777805395818856,-4.736908290822034,0
8.873782247411262,6.6638773149814226,3
7.701297082375794,-6.7706044441865,0
5.443582977354515,3.7629413631923416,2
5.133334278384452,6.479142672427667,2
5.560978916170429,6.05081680998802,2
-2.063134777504873,-8.510431836077005,1
3.127525436076624,5.283346095942499,2
5.718124162699158,4.570220129605462,2
7.758968510718408,-3.0829052246688837,0
5.866317977970533,4.763126156298677,2
8.554561795151999,-3.7934586198658966,0
4.9150129336683035,5.206370831006172,2
8.398981412468228,-4.4856160431634375,0
4.096488007865026,6.197492635889813,2
8.042009431918913,-4.700620778832147,0
10.966735068954572,-4.851424464966434,0
3.403668149710163,5.71519350136523,2
5.407193431853556,5.159789562872005,2
6.5637206148811895,5.386289408347673,2
-2.680429404433651,-5.887278106697271,1
3.727420674752446,4.946091733006339,2
9.513344401995127,6.923109534165325,3
7.347899891007835,-4.355107166069955,0
4.306129423883534,6.513702890514561,2
6.382832046298777,6.882499862649198,3
10.239087222276439,5.049371464213401,3
9.586288841719195,5.676203501989556,3
4.781969703044016,5.842573625786631,2
8.696252200312085,7.01665688219275,3
9.39255340817556,8.470471881702567,3
6.091748462355833,6.060504918776747,2
4.160669890214405,5.4931824593156255,2
9.269031334964613,-4.8391716394611235,0
9.27598055988614,8.229076075743905,3
-0.4192115656578965,-5.203835857801041,1
8.251740370933355,5.46793268635486,2
-0.8101112823009777,-8.114007388076976,1
8.635503796162938,-5.414451345379808,0
9.073129309765026,-8.349196984030181,0
4.887703932092702,5.3480638782268555,2
-1.3266339902428,-6.032640203311701,1
9.728283536602266,6.1781359376298655,3
6.272361845928416,4.55371273797675,2
5.647065609632108,6.250890797307969,2
10.450627097860478,8.67974942332469,3
9.007442987206499,7.929241229495257,3
-0.09719938947309215,-5.440731657089687,1
4.1081223009825285,5.774513722038408,2
4.408503139781311,6.9205380082823496,2
-2.3345961250375042,-5.483809586419159,1
7.997720502206355,5.140057963378483,3
5.59707337447916,4.256693902014746,2
9.249465015407178,5.847210725453542,3
7.833429168732033,-5.3919498553543574,0
4.906883600053096,4.378843482873355,2
9.449458045891584,6.818749372548234,3
-1.056953543497388,-4.5138882908211855,1
-1.8287753724497429,-7.587302150360101,1
9.435613527742836,-4.360375760692394,0
9.462583079934989,5.353158657077929,3
8.086129358843559,-5.387269584984119,0
5.373291693606139,5.165713710181122,2
4.671934331409096,4.919488800968782,2
6.193234881652233,5.525314400321002,2
0.9962473797173181,-6.950033428036248,1
7.785772976848534,5.429796408290761,3
8.116943822771976,5.78836733993605,3
6.659494813547666,-5.069434946796145,0
4.445607049523648,5.681839899440622,2
-2.7785698879870955,-6.193624551727636,1
7.987516060804733,5.929000162696937,3
6.080674842339029,5.64462716141915,2
10.368071977988032,-3.8473275120593446,0
7.80031559667376,-4.716783751062665,0
8.539988407537727,6.249370908110264,3
4.863843558446703,6.402089912146756,2
7.772887519244443,-5.262010314799101,0
9.911697920351704,-4.557183508105717,0
8.219545028607184,-4.832864225794798,0
-3.364979118064462,-5.937057941709167,1
8.71330860285958,-3.385375527077736,0
10.793023326329571,-5.323369505986538,0
8.901561790346738,-5.953463237723719,0
8.08605035090721,8.541179763693554,3
0.0043161211641574715,-5.086882073276058,1
9.968037736874416,-4.159630099136525,0
9.158119272823388,-3.3366495417366995,0
7.458357081679592,-4.425737059139758,0
8.012952923572358,-5.329481994261411,0
-0.28755354442167713,-5.741177235974866,1
9.250390867655273,-6.284350045611488,0
-0.6041985185957695,-8.127110540352643,1
-2.3008395838022624,-5.397652101046353,1
8.81089100360245,6.4086528439801524,3
9.088404917325878,-4.585655822373991,0
-0.7554033054834454,-5.361013308473587,1
7.765904041411497,-5.580355369255416,0
8.547561435443855,7.974803898296345,3
-2.168206519240308,-6.749139209943493,1
9.486546065384092,4.00018614799777,3
-1.5308338022069463,-5.17981251824315,1
8.251649468392289,5.5988888269974755,2
9.707655108133835,-6.55787540460718,0
6.571041322719351,4.620465793066108,2
-0.5269695518533835,-7.643200954597586,1
7.423614118575037,5.30690520235892,3
8.32483484370867,6.899316866555693,3
8.818627063629542,5.844229368860599,3
-1.852353281673381,-8.059072549843382,1
-2.5355703718126446,-7.16236388671299,1
9.622500393446254,-6.498966495250343,0
6.921284538680136,5.942861245438202,3
7.4414600484871,7.9159990847859785,3
9.142356275213906,-6.817242443016848,0
4.382858629823997,6.809824047524817,2
8.171690556720664,-4.6957785571048,0
7.159570549087844,8.291781617233463,3
8.997300011134472,7.159764740036417,3
8.355698625669383,-5.7159575654157875,0
8.66835076988338,6.83028583526459,3
8.078742122020314,-6.316747894286173,0
8.06731846493704,5.6531771172760195,3
7.220201596572088,-4.869997368184144,0
3.7044096243736626,7.410774066423981,2
1.2198306061875557,-6.0236971298249475,1
0.6873373136522887,-5.120766736050397,1
-2.145665902663351,-4.927013933083062,1
8.829773548690943,-5.378592999026152,0
5.676678848809604,6.5312004249485796,2
4.752470334818035,6.556633206605516,2
8.952200042254331,6.639878783212294,3
-1.0432304882081895,-6.970367961956969,1
-1.9333544970787622,-4.8813852019586506,1
0.43681710749712166,-6.706911454596501,1
7.26014657809282,-4.302760455426936,0
7.687175001019808,5.831992824617116,3
9.814335340179642,-3.136090059778323,0
9.445426669759998,8.779977051896518,3
10.580074827167758,7.539570674050413,3
-1.306495088469372,-6.295939292051776,1
8.77590716210708,5.342068075772202,3
10.209965985853179,-4.218253548931145,0
-1.9936596630870935,-7.127753336230622,1
6.402685584249296,8.300367196977852,3
-2.380081180693969,-8.690239305692057,1
-1.8091401287272286,-7.037326813434585,1
5.04045516490041,5.706872785914786,3
7.9968384233340934,7.895416102590602,3
8.163066101965166,6.853849134313377,3
-0.6954533115771839,-6.200917144114854,1
5.983233692328775,4.389310302600947,2
7.896074642136073,8.142891525507164,3
6.359527746775997,5.041309359341023,2
-2.784974559872346,-6.036860091578768,1
4.815595849862813,5.461648393765986,2
0.7100400171563934,-6.601796171064104,1
10.642584029573408,-3.084339648210167,0
4.166473271793935,5.9003871487264625,2
3.6203459173389363,5.169897134905697,2
9.45639212363435,-5.412437144354412,0
-1.9822038641721367,-5.262743118407496,1
4.8134439340121835,5.140106856868773,2
9.990414320910808,6.690488717880016,3
4.335649884558295,6.6723539024462495,2
9.428240836632657,-4.67935356436743,0
4.604341018210911,6.325746962044715,2
-1.2163690841008323,-5.760058023610881,1
7.990832111009075,-5.258140523041208,0
-0.22556335360362945,-7.233237323204006,1
-0.8641130178239633,-5.344656935212832,1
8.542243220902876,-5.120404981576225,0
7.440438818815083,8.848540480163653,3
-0.913810461460598,-9.348918107601232,1
-1.840128252918651,-6.413946258636146,1
6.997849371451563,4.516063031039386,2
-2.115196668487651,-5.860063714485904,1
7.890590113978276,7.146480204835908,3
4.183966942877656,3.833624945333562,2
2.9329544210403853,6.202809862893114,2
6.235041241275136,8.281229436193055,3
-1.2829629635034603,-7.410138758677877,1
-0.7927777383053373,-7.160551525061127,1
7.585177521507055,6.281454818405222,3
8.974284383135789,-4.862222982455126,0
3.489505181515111,6.174411497259963,2
0.5231196900032871,-7.901122072317548,1
-0.7929537666840575,-6.834123328826238,1
9.71888014874488,-4.140859191101041,0
7.84216870120339,-5.378845728591343,0
4.138088145912226,6.109622048201384,2
5.454624551393729,6.383901770330956,2
5.407149050368595,4.227709967084225,2
7.996550773778448,5.986832625475333,3
3.245015276797118,5.009070110317044,2
7.9087071273063545,6.809427255161596,3
6.410582256181254,-3.7986376095486416,0
-1.4401305296849156,-6.201215607564826,1
6.782465533370271,6.315310242155752,3
5.214801044758259,4.679724309151115,2
7.497479106537961,6.9052772448898905,3
10.14915400668954,-5.145603560065421,0
8.96928932075078,6.963472871520469,3
-0.5416208840630397,-5.765253884486818,1
9.690701028626027,6.792145131074493,3
9.335961899297887,-4.641786364363747,0
-0.15758651590282224,-7.370678506665609,1
7.282586623974346,8.138719585519848,3
-0.775841937094258,-5.696874388579466,1
3.9307843056562204,6.636102536211009,2
8.163548299529825,-6.521176500914394,0
7.267565931861645,-5.341854615839458,0
8.70537216469172,-5.907535297302912,0
6.357294026868364,-4.919651494407196,0
7.8961604978673225,-3.127982515376405,0
3.1365179601149937,4.587092537498587,2
5.687145804413712,5.802847784146458,2
5.771324918886244,6.810980410089241,3
-1.6074336918914618,-5.683460913045508,1
0.794137054872823,-6.589883562549272,1
6.7117910889600605,6.483221059400956,3
8.685215247248605,-6.656305438355087,0
7.381312356215631,7.375774058166788,3
9.079980474816418,8.26695542249045,3
-0.41009983726269306,-8.137044674249736,1
7.579000209303199,-3.8706741190836933,0
8.06089413566303,-5.556929019717289,0
6.420141769357068,4.906947830371315,3
-1.5275946860527598,-5.577997864490546,1
7.906816653019961,7.017746492519131,3
10.030222461107984,-5.207904777604722,0
-2.10912389913642,-7.982626347134057,1
4.1046163174372055,4.754881746855875,2
8.954264839468655,5.523786237586266,3
6.688610253858932,6.33418272467109,3
9.788385461754004,-2.6300846537083986,0
8.97776353198451,-4.473967979994978,0
7.902700805750514,6.384736563867099,3
7.743402237277387,5.609788125613063,3
5.929544268630018,7.1455333822612515,2
7.122738213373511,5.849188893631563,3
4.669754451190879,5.863782560195814,2
3.8127934585618037,5.446122297288124,2
10.272871914314301,-7.569730757307482,0
8.196854055777418,6.9072161218472115,3
7.007375292622317,-5.44140506429453,0
7.520366733205183,-5.706303650550192,0
3.0055356355183243,3.491021755387151,2
6.2639424484237685,5.824744073355308,2
6.987353873631616,-4.569549303102109,0
8.533203015236042,-3.8087451721438246,0
10.102396474359937,-2.9713217844072233,0
4.103079029524242,4.43358262761424,2
8.536203984374191,6.516264615730611,3
-1.094009254919916,-6.007924189163556,1
9.610458864157922,5.895608067544364,3
7.4404077617026205,7.377913175618095,3
8.481004893794438,4.763655407636106,3
7.383544264330573,8.71888126068866,3
10.92788174068701,-5.612033103490331,0
4.675925197127608,5.20655091629442,2
4.453682871215524,6.80264907557384,2
0.45614666658644576,-7.248837570316069,1
8.892930555147766,-5.601134353828996,0
-0.6864041722142006,-5.735022698418833,1
9.415823535811896,5.4788146064131205,3
-0.7690577996886072,-5.263786097689989,1
8.294583064853741,5.194489583274768,3
2.6420022312894047,5.408801284115482,2
7.74616663628116,-6.459923735386802,0
-1.6632952158156549,-7.8281100755203425,1
-0.7961788527487675,-7.004007052076258,1
4.505847679542647,5.262690933542972,2
8.333614033078014,-4.239510060205478,0
10.298810296930284,4.486204293601232,3
-1.0773628284468313,-6.364558343055735,1
7.786716411770947,-3.8784973342374696,0
8.128609286432274,-5.807910105630293,0
3.186519812460973,5.87031581114,2
7.790934911018644,6.937010916452584,3
-0.027143218798066804,-5.9268232071806075,1
8.85916824353013,-5.851771466232988,0
9.084303738253531,5.561853227837105,3
8.394801362446575,6.727706089428116,3
-0.8400879392089012,-6.701098387063221,1
6.961005692330404,7.268659649737492,3
-1.2255730583702933,-9.439956453231362,1
3.6038072447069585,4.421678303210969,2
6.825624642766322,6.187169400509177,3
5.2556778725582065,4.106330703507624,2
8.310808902039144,-4.77306964305651,0
8.27898171021742,7.6177670728497535,3
9.135298163019065,-5.413471447763375,0
4.546652373122038,5.331808577769048,2
3.7469255599495437,6.077019025072387,2
5.3380580622495195,7.348889788589746,2
-1.0216371347903617,-5.715358237012024,1
-0.887405776728631,-6.990704703978684,1
9.834421546971564,-4.072364475295262,0
7.889597652755793,6.048764827436971,3
3.74056758522513,6.153590573363807,2
-0.3696086080808787,-7.849239021237942,1
7.879469919926309,6.478894529875341,3
7.894966339895607,6.11716820954738,3
4.713747538236376,4.870425356147818,2
7.893406435713547,7.745035776848077,3
8.215906672658292,-4.8056976241772045,0
-1.6685948074316443,-6.103781191714262,1
-3.036124176535515,-7.7813216859661,1
9.033931345662978,7.459066088938837,3
9.290496969657479,-4.631333104188916,0
0.6652609123777959,-5.30537990349014,1
2.780628393093373,5.88938489798263,2
-1.3607786114573097,-5.972024360199749,1
5.411230541663678,5.385084855502742,2
6.0125817932307335,4.221688408873664,2
-1.3359174322225476,-7.59037766430534,1
9.333569332200675,6.393655723395757,3
8.545870890356372,7.078062044108403,3
8.218527522344901,6.353027088641524,3
9.332085044149663,-3.2039523039138866,0
-2.313375304039635,-6.283007912400408,1
5.293383990733764,4.9587939251756845,2
0.3619390120539663,-10.168192914571053,1
-1.2877683439691698,-5.164611384864045,1
7.90960997621314,7.0466298072562985,3
8.391415138275658,7.68107539911396,3
9.095093673330622,5.879678071072737,3
-1.987258177762354,-5.479831098593832,1
4.8817409006614945,2.94046155046699,2
-0.6522489983836758,-6.853446081907089,1
4.699711368196124,6.788588685273591,2
7.9729698816200285,7.899366732880032,3
4.897779692304283,5.922661236928186,2
9.3090476173721,6.901020650990205,3
10.390727668615124,-4.517643879210637,0
7.834918003485145,-3.4867040460618965,0
9.127725087972848,7.847993625921727,3
8.844502535489733,7.44562034945236,3
7.278397568126319,-5.611775118034269,0
-1.5056083796301458,-7.677969046507963,1
8.021971017105761,-4.3225757256872175,0
8.02643329683603,6.16096635244595,3
5.045924347706948,6.563363428551224,2
6.220125354459548,6.077909728681592,2
7.846291983300474,-4.479457565631746,0
3.5127410064738323,5.490357132079561,2
-0.45142556936579,-7.616542776788414,1
-1.9745169268108775,-7.012672886863915,1
8.478705686570239,-4.352086405476915,0
7.81657271446876,4.466197431588903,3
7.174657296062315,7.114424005088724,3
3.9038192149322146,6.819810481646546,2
-2.6924050095969534,-5.105360341963507,1
5.453137422490156,5.373098560498158,2
-0.8273606828184682,-5.778274434736146,1
10.86038513723185,-3.40163289199665,0
-1.331396699535812,-6.212990311315321,1
-1.1210444274590263,-5.055487477435865,1
9.837605712027303,6.919039294562893,3
4.016823465237654,6.120366027199434,2
4.783333394010135,5.643400909057705,2
8.299938237812173,8.127507457268294,3
5.287187055099818,5.795271057117716,2
9.174782233832214,-5.139977041255576,0
7.074072790649201,-3.456027184223119,0
-0.7261674230529804,-7.030271648790592,1
-0.34930250297592125,-7.118271562326626,1
-1.0753189739635092,-7.22796099794832,1
7.806789389544017,8.366389148931427,3
1.2001713402421417,-5.368586463858513,1
3.8383916000645946,5.579910091449626,2
9.111206236923822,-5.140730691247033,0
-1.666377634266528,-6.26663810207925,1
7.310408199291498,6.990249124255491,3
0.7351739547225431,-4.735241954156077,1
6.713245235664823,6.223920541811847,3
5.208593486220796,6.913482723141313,2
-1.5426024812250465,-6.588842757569888,1
5.350937002185918,5.987828844798356,2
-1.0244446025463232,-4.509322670857706,1
-0.01688244312716558,-6.011684431282328,1
1.919549604132305,-3.5255376021620757,1
7.827289503830296,6.557123120927738,3
7.4750677772796275,-4.420068201583614,0
8.833855844015007,-2.963915086060154,0
3.732985845210457,4.438556115559643,2
-0.7782717629093345,-4.150555253526024,1
4.072128968512976,4.606802508445507,2
5.1048348542490904,4.485321102215176,2
8.09617022429813,7.045901002472094,3
8.357181091822106,5.521073442050228,3
7.906115366054088,-3.9722665030559607,0
7.45231730235734,-4.34199573868352,0
4.462644518691379,4.543494724594262,2
-0.17379986422836002,-6.962586205757561,1
8.082974668817775,-3.765994642444881,0
-0.439838593610623,-5.783818220773691,1
4.9926301899754755,5.058386433084108,2
11.791645402822358,5.966217572728448,3
7.508934052766904,-5.495195268063162,0
8.1810103366062,5.266491855655809,3
7.4457883229683635,7.8282611662063335,3
8.501074587797678,-4.276082153756212,0
9.096119848577356,6.038921932308419,3
0.12724170133248647,-6.033672639972381,1
5.37452626134271,4.4261337561106915,2
8.691947730630037,-4.640304897979515,0
5.057018672191563,5.15868752296241,2
7.353807147763753,-5.5583063304599,0
9.2464747343853,6.861134062880102,3
9.602123743645347,-3.007801160442476,0
8.401314317815993,4.551201233249881,3
9.922326417996576,-4.747045630383624,0
-1.2874052614390283,-7.092731815191861,1
4.851228314366943,5.019288964705377,2
5.671628014445153,5.783452493815751,2
9.568224117602952,7.285107871290962,3
-2.913570511876163,-7.229840799682779,1
8.618884960922472,6.331571961888895,3
7.28718604298235,6.572834843833967,3
8.287824493171295,6.33484930632921,3
9.431813780934691,-5.365894203564865,0
8.46083406113574,-4.577479540452275,0
6.236636415451058,5.644941024211029,2
-2.3779666753734574,-8.683324057121693,1
-0.11992540314372868,-5.88127009142708,1
6.981520727025016,6.375172133017873,3
3.4810976807210388,3.989760378111753,2
9.84172022453802,6.399912660742472,3
5.413889528301413,8.28449713626442,2
5.92864053729593,6.820015647965684,2
9.201596504934749,-3.4177824315997687,0
7.595408609581702,6.838861369981449,3
7.249941534489709,6.520744288388718,3
7.344341033940875,6.4705986089323595,2
-0.06965623003960764,-6.371766512222042,1
10.144345473626661,-5.2310330475623825,0
8.946675916556417,8.677468086644465,3
8.23273252913412,-4.85148788257478,0
9.26607848917811,6.830419386967805,3
-0.825998975410982,-6.175964418234271,1
5.579927781192843,4.672830876531917,2
8.794079431832268,7.634620003183825,3
6.432479580546168,3.7427539779651404,2
8.125330379492068,5.2315664694030355,3
5.868165862167833,5.511822111118806,2
4.502017900244103,3.8603954849426403,2
4.6965412262945305,4.33221860760295,2
9.592367324268453,-4.539405419552458,0
7.229076756782888,9.06653773786633,3
-0.15442666103784775,-6.802426843870438,1
7.313013888132911,-4.97257586917286,0
9.411499643911252,-4.5655758778844975,0
8.310429634613808,7.404529462625668,3
5.234422732862714,2.609850797969912,2
7.974766557477225,-4.02739825481399,0
8.074396861549927,-5.168339073786424,0
8.168413653552866,-4.427728692031791,0
8.549150031875891,-4.683127307696519,0
-0.4221106945324603,-8.300889339024591,1
7.249694508278643,5.408538739753912,2
9.850350277857252,-4.224587760351452,0
10.33821830287179,-4.457169562374451,0
7.480626264887409,-3.5555890517598607,0
4.2043888933417,4.704480515582409,2
5.785752834502415,5.4162799399442765,2
8.231995119631803,4.814450279782928,3
8.047511853961115,-5.925411437142211,0
9.957343362764195,8.477559775842053,3
-1.0503342567634093,-5.849125899145394,1
8.005818226034684,-4.255407867623109,0
9.231739729896972,6.130703145963618,3
7.965490903956386,-3.582513434069707,0
8.256234065742689,6.16294519853408,3
8.075953557434906,-4.869266370750126,0
5.479952612725626,6.819455554743893,2
8.47403872185671,-1.5177943279960693,0
9.07972565727944,-3.0138762715994587,0
5.814874389792272,6.75645075063912,3
5.302855855243335,2.8535811668913906,2
9.23282886870859,7.473469245610478,3
4.666590503138697,5.637302795129403,2
9.29598671943005,8.048693897238286,3
0.27459681561152527,-8.974091110838334,1
7.186701825817542,8.639113432428028,3
7.7243154238198075,-5.780739961668176,0
4.058381904070731,5.09551423257784,2
3.338142662538184,5.008216564592716,2
6.950543874994716,4.853062747755519,2
-3.8829088464488817,-7.177386513187926,1
8.268831219017791,-3.373118791377295,0
-1.8980410332162472,-6.813309437132106,1
6.691127339382843,6.894749657536956,3
4.471785069973084,6.626949385155349,2
1.6395566681074194,-7.979907253419968,1
-1.6335368564350428,-6.075082077239376,1
6.938516658115402,-4.406082526497068,0
6.300634547793451,3.478732176053102,3
8.416916016077241,-6.286850266873211,0
7.083301634423323,-3.826833087993358,0
6.184271304221263,-5.332523881972819,0
7.1929726411978745,7.955392261919744,3
9.078686085765515,6.094528216427662,3
9.494886174972875,8.026150863659838,3
7.732893593284401,-3.8881089275205567,0
7.3156953898621735,-5.216772095724796,0
7.822086275312221,8.25207690889251,3
10.558917921952727,5.897986277363625,3
7.7373773913671275,8.598151409139781,3
4.425737847951005,4.73428637336959,2
-1.6242826416148946,-4.263193624864279,1
3.030244911215401,4.936257158202129,2
-1.1367382736955196,-6.347007727139184,1
7.205052867756197,-3.204987535657052,0
-0.8520589819064268,-6.133776772313293,1
-2.5171397797391672,-4.96566961084169,1
5.234755822410312,5.5515512320288165,2
7.569027837282997,6.282583842269908,3
7.424412533179903,-6.365241313711179,0
0.6622723896826823,-6.791754227059559,1
8.633762693483689,-4.82657367908674,0
8.24514383188589,-4.156561484527809,0
0.37817375944498144,-7.558674016523401,1
2.9049940849301055,4.997937760642274,2
10.180367623189703,-4.177317598187137,0
7.256915471528082,7.165431663206188,2
9.161373335551225,-5.333187940333033,0
6.416606768387072,5.354512979818046,3
6.815377732928147,6.315948757379557,3
7.179307501108386,6.096649891867537,3
-0.022170098740124433,-5.327592451452651,1
7.245638488188405,7.459881304895406,3
7.463146836543297,-3.9070894521068005,0
6.627505129720641,5.716334656646896,3
7.686676304493083,-4.255587535348139,0
3.633610752544579,4.362602860030092,2
7.409306797484158,6.967841534310296,2
8.594371689894263,-6.349024386858228,0
9.143305272953649,5.589898257283725,3
5.1250614911416426,5.221626130337674,2
9.637425878966674,6.7128356400863085,3
9.382456465167833,6.255619269017114,3
5.157174860667851,6.108439512640774,2
5.02476615867761,6.25960707817038,2
9.057511329446784,-3.004304877130126,0
-1.0760901793893822,-5.961882074708041,1
8.752170237588926,-4.511214313468256,0
7.324139861089397,5.434719833285864,3
8.099900729249383,6.49252455199133,3
-0.6190019410670781,-5.412207480907928,1
-0.30550944709488426,-4.746382440349769,1
-0.9640570420322959,-4.426640311195582,1
4.682314827713487,4.196076741038449,2
5.711468056339035,4.645307220426384,2
8.583800556160776,-4.7445004684463505,0
8.15214241854056,-4.342666747880607,0
5.83324045080362,6.181901253403693,2
10.389033813838749,-3.89021777600488,0
-1.342837652652676,-7.319334496778192,1
9.498910533172909,8.923099508768331,3
9.309508084643225,-6.468288800229317,0
8.881864633960598,8.22719273660377,3
-1.1202230380589082,-6.278041414720947,1
8.523933252790107,-5.077411950978935,0
-0.46449116678258556,-8.553176472691902,1
5.788686370804922,6.62514057114839,2
4.755851601026145,6.817687569963905,2
6.825315324827406,6.33205645818819,2
-1.46100658009822,-7.209693359229197,1
-1.207258905332652,-6.464846647822506,1
8.306238168382851,6.742560743572809,3
9.66081115455684,-3.601245972272131,0
9.471337654224309,-4.311251331601575,0
7.51008436072662,-5.678497064107775,0
-2.078865991816531,-6.706398648331069,1
-0.43950459909204315,-7.635429494354628,1
4.007721152874795,4.206692666472709,2
4.891890841598541,5.532715476922557,2
9.694395312647,6.391597950539087,3
4.444123427189077,5.716207284378935,2
-1.543145532991871,-5.753843598405456,1
5.59015012660271,5.405434892216973,2
-1.6730997431410972,-7.437921910149568,1
11.5712089027506,-2.8693613213581015,0
5.589673870187459,2.28053683678579,2
9.037507408035445,7.249213107909228,3
9.313272106522094,-3.0409221253564906,0
5.975091641246691,5.976105638101313,2
-0.7584095649805509,-5.731451123627361,1
7.0197241466022815,-4.8444216003933835,0
10.163702556681663,-3.244691852335765,0
8.861462588159931,-5.394304407015671,0
8.356056369107348,-3.4397306714026312,0
6.267469116482349,4.555020872775013,2
4.244001150774867,6.169706591327909,2
8.69976464921257,-5.011255651108868,0
9.241921411279169,-4.1563581557274825,0
7.599104597429281,5.6448232664174025,3
-2.467342097321011,-6.641660827831877,1
0.003972887653259871,-7.637055883597969,1
4.227628862353488,3.376234845691292,2
-0.9854776085130694,-5.750471021137647,1
5.046505329727063,4.606825249973793,2
-0.9361124388887825,-7.329283343034298,1
8.766455671990297,6.388204826326767,3
5.484590449677354,2.65730118547394,2
6.23442248213746,5.074269085617884,2
8.237583576728797,5.380079382867274,3
10.90793465123768,6.473150990256007,3
6.21256792634407,6.361453216878234,3
4.493330755503669,5.968547411618667,2
7.934853303555163,6.217789173107827,3
4.141336259046849,5.603594984163926,2
-0.5671029922485378,-5.443626046599708,1
2.644194271147582,5.3318961194017644,2
8.13585635275792,-2.8792736361075892,0
8.67332428208027,-4.744275820605773,0
5.894153976060776,5.826920053957269,2
-0.7959397941092103,-4.935625685393138,1
9.237137153393993,-3.2225237279789485,0
-0.6126920667262046,-7.101364390352562,1
9.66488068998106,5.480537332509661,3
0.397708366507034,-5.697519091259336,1
8.555498817004684,6.252726272999256,3
6.832125162721891,6.495003256194535,3
8.94400879089818,5.6119104533434365,3
6.55310496980794,7.62494187339281,3
8.042580301599784,6.72462664789624,3
0.6255338252164073,-5.23570074320682,1
-1.4626569739212725,-6.14368873576182,1
4.404147439305741,5.2028191622748,2
8.06909281279211,6.489550799973933,3
9.25071801111607,-3.86223856932582,0
7.908651515440006,5.412832772753554,3
5.087898090630336,4.80192396652085,2
10.30452234436167,7.467417779617803,3
-2.501821367600309,-7.119576409710579,1
7.685986877594438,-7.1541412784576615,0
4.697513903496066,5.753839539855281,2
-0.9142211723571475,-8.801720371139231,1
7.235461576702441,8.264586993307708,3
-1.5927410978936063,-6.293220929774997,1
8.41751415666729,-6.594327114327462,0
10.700335658912618,-5.216453047743905,0
7.93182887440893,6.847231807545197,3
9.039252198906912,-3.7015917644232275,0
4.940884267887876,5.857328466539612,2
9.02655603308497,-4.6796639777373485,0
-1.071371691501724,-6.714544715458717,1
4.1095541910531175,5.728149048198867,2
9.58098303709778,-4.796216434686297,0
8.716956402958136,9.492001642699616,3
7.239073438650939,5.136193896597883,2
5.440900988934724,5.94339683188655,2
8.159953559081574,-4.038978881703318,0
-0.7735574165218136,-4.972400154467441,1
3.9909895283802443,6.978689212029312,2
5.644545568503201,3.774004833250972,2
4.755075821370227,7.90759846793978,2
-0.2783948305563835,-7.450425420552584,1
-3.047661640046666,-5.181244860762964,1
8.39132644714181,-5.575723562903741,0
1.3427377369125395,-7.574564181582653,1
8.865283303772653,-5.660035366804843,0
7.912215541091282,7.536363434508795,3
-0.2687552499286062,-7.264185870219821,1
8.295360720594893,6.4972763141314465,3
-0.5150141537687849,-7.126931905016817,1
7.221970410802482,6.981995705766819,2
7.961811227440125,-4.866094928261736,0
8.233155128713516,5.786281885586795,3
-0.1822522547863047,-5.557250290671435,1
8.27048692516648,-4.625259594560052,0
8.419191003205107,5.292187146233039,3
-0.5191992183484051,-4.989286700941986,1
6.409727246022868,6.174523346082065,2
3.8974622555766256,5.789929037387358,2
7.674055830137923,7.221726477107314,3
6.130717415732537,-4.607507346754077,0
-1.3435471589549284,-5.41382448156695,1
4.994269830504461,4.5579370011523945,2
0.08948795546586275,-6.411051048330617,1
7.183467168485851,5.760694329460534,3
9.416028316914627,-4.156935232358186,0
7.40408245579881,-4.66307415678883,0
-1.9294416414293432,-5.86334596938827,1
7.143216583949975,6.37629296340015,3
9.125351851876701,7.753299864366465,3
8.75505867769716,6.582506887661524,3
6.587414890298071,6.654687825893661,3
4.956477676187221,5.014258674608722,2
7.203212341354758,-4.847808520918072,0
3.7844067621788313,7.319848877898222,2
-2.276111121119253,-7.997284999182186,1
0.23588481741299705,-7.507787872778201,1
0.9025511254620429,-5.289365731667161,1
4.680992380855834,3.2455346533772906,2
7.389804971102298,7.1191336872223605,3
0.7359444278416529,-4.585519749112492,1
8.8608442417075,-5.576412843982604,0
7.255508853597295,7.524788627696661,3
-0.31185560729347084,-6.290124017538388,1
7.510944065066194,6.7519558335378,3
5.894477759498602,4.553048472483414,2
8.14071019672386,-3.5832878285050827,0
8.707912660801899,9.62743985987645,3
6.819010859679242,8.638354817912356,3
6.433213867610752,6.228331301760823,2
6.679242811338381,2.5757516276183754,2
9.148267124402029,7.690460394734663,3
-0.8418150037759453,-6.476749468312906,1
7.205683933090501,-3.8594376238042085,0
7.3331597324953295,-5.969246196942965,0
6.106251033667912,4.7325503064306735,2
4.537289710365419,5.352734331826627,2
0.26902633194070646,-5.016676125736868,1
9.447440180507423,-3.9875171611925326,0
8.941868191418298,-4.643559417660816,0
-0.827017381354614,-6.716740629918022,1
6.5528470683390445,5.5473095211711145,3
5.335154344694068,6.463556289991243,2
8.744919716957552,7.124641250697979,3
7.438427516198749,-4.544328791305834,0
3.5725033288783736,5.1107805294673865,2
4.0986017861875075,6.378133062130288,2
10.357579703319388,5.672503537565396,3
6.419182606006468,6.868884496302233,3
-0.5616580486661265,-6.633429383440625,1
6.932762168852545,-5.446112348413011,0
5.856653811454479,5.682027773622556,2
9.532582105432029,5.273739348880711,3
8.13354889633909,7.917924267605432,3
6.8028134021795665,-3.5616862877761437,0
0.6959657838717705,-7.732912668506408,1
3.7483118113231333,3.401854682947024,2
3.7190294881491575,6.577449931981792,2
8.130398567802597,6.259260940385923,3
-1.6814075794766503,-5.8035150979438015,1
3.510420434157023,5.475511232772945,2
9.20147046033691,-4.102020987161646,0
10.213124296789452,-5.015054298998951,0
7.070055128927106,-5.735053598735824,0
5.555556227421208,4.358183338464055,2
-0.2751423358083913,-6.315294200992737,1
8.405883834055006,7.102507879667833,3
-1.7324292732273228,-6.639859320559155,1
4.811151862455497,3.8632253037499673,2
-1.0765497339889614,-7.883628651581831,1
8.049859115251747,-5.502850222661632,0
7.635752290628083,-4.653011459582682,0
5.654214090256188,5.761304963273145,2
8.791849568808768,5.6363472936681855,3
3.012046135035444,5.862054841569315,2
4.258765474627356,5.7613693609892955,2
8.832973689332812,7.480871967733763,3
7.861130659595831,6.117845336895952,3
9.019552085140717,-4.646931368108131,0
6.335649295922641,3.926770712349148,2
9.011000085396933,-5.633178326494339,0
0.9638092246191365,-6.774887457069837,1
8.058073969428758,6.9277833192149645,3
-1.2858752173437258,-7.637927579454258,1
8.88396616633311,-5.871007434850211,0
0.33053028717052846,-5.981602387094409,1
9.053307338922435,6.491550801526732,3
6.99664268109316,-6.184518847233211,0
4.551131972140007,7.036404572546141,2
